question1,question2,BoW cosine,q1_vec_BoW,q2_vec_BoW,TfIDF cosine,q1_vec_TfIDF,q2_vec_TfIDF,Markov cosine,q1_vec_Markov,q2_vec_Markov
a c b a d c,b a c a b d b a b,0.7911548052852398,"[2, 1, 2, 1]","[1, 1, 3, 4]",0.79115480528524,"[0.19817829729727854, 0.09908914864863927, 0.19817829729727854, 0.09908914864863927]","[0.06605943243242618, 0.06605943243242618, 0.19817829729727854, 0.2642377297297047]"
